Workbook

Sheet ratings_clean
A1: country | B1: country_code | C1: moodys_rating | D1: moodys_outlook | E1: moodys_rat_date | F1: sp_rating | G1: sp_outlook | H1: st_rat_date | I1: fit_rating | J1: fit_outlook | K1: fit_rat_date | L1: avg_rating | M1: z_spread | N1: current_yield | O1: class | P1: date
A2: LEBANON | B2: LEB | C2: C | D2: STABLE | E2: 12/13/2023 | F2: SD | G2: STABLE | H2: 2/13/2026 | I2: WD | J2: #N/A N/A | K2: #N/A N/A | L2: 21 | M2: 15489.18
A3: VENEZUELA | B3: VEN | C3: WR | D3: STABLE | E3: 3/9/2018 | F3: NR | G3: #N/A N/A | H3: #N/A N/A | I3: WD | J3: #N/A N/A | K3: #N/A N/A | L3: 21 | M3: 6887.46
A4: UAE | B4: UAE | C4: Aa2 | D4: STABLE | E4: 10/5/2021 | F4: AA | G4: STABLE | H4: 6/17/2025 | I4: AA- | J4: STABLE | K4: 9/30/2021 | L4: 3.3333333 | M4: 140.762
A5: SAUDI ARABIA | B5: KSA | C5: Aa3 | D5: STABLE | E5: 11/22/2024 | F5: A+u | G5: STABLE | H5: 3/14/2025 | I5: A+ | J5: STABLE | K5: 4/5/2023 | L5: 4.6666667 | M5: 146.272
A6: CHINA | B6: CHI | C6: A1 | D6: STABLE | E6: 4/27/2026 | F6: A+u | G6: STABLE | H6: 9/21/2018 | I6: Au | J6: STABLE | K6: 4/3/2025 | L6: 5.3333333 | M6: 117.57
A7: CHILE | B7: CHL | C7: A2 | D7: STABLE | E7: 9/15/2022 | F7: A | G7: STABLE | H7: 10/15/2024 | I7: A- | J7: STABLE | K7: 10/15/2020 | L7: 6.3333333 | M7: 155.06
A8: POLAND | B8: POL | C8: A2 | D8: NEG | E8: 9/19/2025 | F8: A- | G8: STABLE | H8: 10/12/2018 | I8: A- | J8: NEG | K8: 9/5/2025 | L8: 6.6666667 | M8: 143.28
A9: MALAYSIA | B9: MAL | C9: A3 | D9: STABLE | E9: 1/11/2016 | F9: A- | G9: STABLE | H9: 6/27/2022 | I9: BBB+ | J9: STABLE | K9: 12/4/2020 | L9: 7.3333333 | M9: 117.64
A10: URUGUAY | B10: URU | C10: Baa1 | D10: STABLE | E10: 3/15/2024 | F10: BBB+ | G10: STABLE | H10: 4/26/2023 | I10: BBB | J10: STABLE | K10: 6/7/2023 | L10: 8.3333333 | M10: 132.05
A11: PHILIPPINES | B11: PHI | C11: Baa2 | D11: STABLE | E11: 8/23/2024 | F11: BBB+ | G11: STABLE | H11: 4/8/2026 | I11: BBB | J11: NEG | K11: 4/20/2026 | L11: 8.6666667 | M11: 137.24
A12: INDONESIA | B12: IDO | C12: Baa2 | D12: NEG | E12: 2/5/2026 | F12: BBB | G12: STABLE | H12: 4/27/2022 | I12: BBB | J12: NEG | K12: 3/4/2026 | L12: 9 | M12: 158.14
A13: KAZAKHSTAN | B13: KAZ | C13: Baa1 | D13: STABLE | E13: 9/9/2024 | F13: BBB- | G13: POS | H13: 8/22/2025 | I13: BBB | J13: STABLE | K13: 4/29/2016 | L13: 9 | M13: 136.07
... A57: SENEGAL | B57: SEN | C57: Caa1 | D57: NEG | E57: 10/10/2025 | F57: CCC+ | G57: NEG | H57: 3/27/2026 | I57: #N/A N/A | J57: #N/A N/A | K57: #N/A N/A | L57: 17 | M57: 1585.68
A58: SRI LANKA | B58: SRL | C58: Caa1 | D58: STABLE | E58: 12/23/2024 | F58: CCC+ | G58: STABLE | H58: 9/19/2025 | I58: CCC+ | J58: #N/A N/A | K58: #N/A N/A | L58: 17 | M58: 158.32 | N58: HY
A59: SURINAME | B59: SUR | C59: Caa1 | D59: POS | E59: 10/23/2025 | F59: CCC+ | G59: STABLE | H59: 12/6/2023 | I59: WD | J59: #N/A N/A | K59: #N/A N/A | L59: 17 | M59: 289.221 | N59: HY
A60: Zambia | B60: ZAM | C60: Caa2 | D60: POS | E60: 4/11/2025 | F60: CCC+ | G60: STABLE | H60: 11/21/2025 | I60: B- | J60: STABLE | K60: 11/28/2025 | L60: 17 | M60: 241.67 | N60: HY
A61: BOLIVIA | B61: BOL | C61: Caa3 | D61: POS | E61: 3/18/2026 | F61: CCC+ | G61: STABLE | H61: 3/23/2026 | I61: CCC | J61: #N/A N/A | K61: #N/A N/A | L61: 18 | M61: 444.24 | N61: HY
A62: MOZAMBIQUE | B62: MOZ | C62: Caa2u | D62: STABLE | E62: 3/28/2025 | F62: CCC+ | G62: #N/A N/A | H62: #N/A N/A | I62: CCu | J62: #N/A N/A | K62: #N/A N/A | L62: 18.333333 | M62: 877.94
A63: UKRAINE | B63: UKR | C63: Ca | D63: STABLE | E63: 2/10/2023 | F63: CCC+ | G63: STABLE | H63: 1/22/2026 | I63: CCC | J63: #N/A N/A | K63: #N/A N/A | L63: 18.333333 | M63: 691.05
A64: GABON | B64: GAB | C64: Caa2 | D64: NEG | E64: 6/24/2026 | F64: NR | G64: #N/A N/A | H64: #N/A N/A | I64: CCC- | J64: #N/A N/A | K64: #N/A N/A | L64: 18.666667 | M64: 755.84
A65: ETHIOPIA | B65: ETH | C65: Caa3 | D65: STABLE | E65: 9/15/2023 | F65: SD | G65: STABLE | H65: 9/20/2024 | I65: RD | J65: #N/A N/A | K65: #N/A N/A | L65: 20.333333 | M65: -356.074

Sheet ratings_map
D1: MOODY'S | G1: S&P | J1: FITCH
B2: DS497 | C2: country_code | D2: RG317 | E2: RA128 | F2: RA404 | G2: RA123 | H2: RA126 | I2: RA401 | J2: RA935 | K2: RA272 | L2: RA426
A3: 1007z lb equity | B3: =_xll.BDP($A3,B$2) -> LEBANON | C3: LEB | D3: =_xll.BDP($A3,D$2) -> C | E3: =_xll.BDP($A3,E$2) -> STABLE | F3: =_xll.BDP($A3,F$2) -> 12/13/2023 | G3: =_xll.BDP($A3,G$2) -> SD | H3: =_xll.BDP($A3,H$2) -> STABLE | I3: =_xll.BDP($A3,I$2) -> 2/13/2026 | J3: =_xll.BDP($A3,J$2) -> WD | K3: =_xll.BDP($A3,K$2) -> #N/A N/A | L3: =_xll.BDP($A3,L$2) -> #N/A N/A
A4: 1069z vc equity | B4: =_xll.BDP($A4,B$2) -> VENEZUELA | C4: VEN | D4: =_xll.BDP($A4,D$2) -> WR | E4: =_xll.BDP($A4,E$2) -> STABLE | F4: =_xll.BDP($A4,F$2) -> 3/9/2018 | G4: =_xll.BDP($A4,G$2) -> NR | H4: =_xll.BDP($A4,H$2) -> #N/A N/A | I4: =_xll.BDP($A4,I$2) -> #N/A N/A | J4: =_xll.BDP($A4,J$2) -> WD | K4: =_xll.BDP($A4,K$2) -> #N/A N/A | L4: =_xll.BDP($A4,L$2) -> #N/A N/A
A5: 3344698Z UH Equity | B5: =_xll.BDP($A5,B$2) -> UAE | C5: UAE | D5: =_xll.BDP($A5,D$2) -> Aa2 | E5: =_xll.BDP($A5,E$2) -> STABLE | F5: =_xll.BDP($A5,F$2) -> 10/5/2021 | G5: =_xll.BDP($A5,G$2) -> AA | H5: =_xll.BDP($A5,H$2) -> STABLE | I5: =_xll.BDP($A5,I$2) -> 6/17/2025 | J5: =_xll.BDP($A5,J$2) -> AA- | K5: =_xll.BDP($A5,K$2) -> STABLE | L5: =_xll.BDP($A5,L$2) -> 9/30/2021
A6: 3344642z ab equity | B6: =_xll.BDP($A6,B$2) -> SAUDI ARABIA | C6: KSA | D6: =_xll.BDP($A6,D$2) -> Aa3 | E6: =_xll.BDP($A6,E$2) -> STABLE | F6: =_xll.BDP($A6,F$2) -> 11/22/2024 | G6: =_xll.BDP($A6,G$2) -> A+u | H6: =_xll.BDP($A6,H$2) -> STABLE | I6: =_xll.BDP($A6,I$2) -> 3/14/2025 | J6: =_xll.BDP($A6,J$2) -> A+ | K6: =_xll.BDP($A6,K$2) -> STABLE | L6: =_xll.BDP($A6,L$2) -> 4/5/2023
A7: prch ch equity | B7: =_xll.BDP($A7,B$2) -> CHINA | C7: CHI | D7: =_xll.BDP($A7,D$2) -> A1 | E7: =_xll.BDP($A7,E$2) -> STABLE | F7: =_xll.BDP($A7,F$2) -> 4/27/2026 | G7: =_xll.BDP($A7,G$2) -> A+u | H7: =_xll.BDP($A7,H$2) -> STABLE | I7: =_xll.BDP($A7,I$2) -> 9/21/2018 | J7: =_xll.BDP($A7,J$2) -> Au | K7: =_xll.BDP($A7,K$2) -> STABLE | L7: =_xll.BDP($A7,L$2) -> 4/3/2025
A8: 45793z ci equity | B8: =_xll.BDP($A8,B$2) -> CHILE | C8: CHL | D8: =_xll.BDP($A8,D$2) -> A2 | E8: =_xll.BDP($A8,E$2) -> STABLE | F8: =_xll.BDP($A8,F$2) -> 9/15/2022 | G8: =_xll.BDP($A8,G$2) -> A | H8: =_xll.BDP($A8,H$2) -> STABLE | I8: =_xll.BDP($A8,I$2) -> 10/15/2024 | J8: =_xll.BDP($A8,J$2) -> A- | K8: =_xll.BDP($A8,K$2) -> STABLE | L8: =_xll.BDP($A8,L$2) -> 10/15/2020
A9: 1084z pw equity | B9: =_xll.BDP($A9,B$2) -> POLAND | C9: POL | D9: =_xll.BDP($A9,D$2) -> A2 | E9: =_xll.BDP($A9,E$2) -> NEG | F9: =_xll.BDP($A9,F$2) -> 9/19/2025 | G9: =_xll.BDP($A9,G$2) -> A- | H9: =_xll.BDP($A9,H$2) -> STABLE | I9: =_xll.BDP($A9,I$2) -> 10/12/2018 | J9: =_xll.BDP($A9,J$2) -> A- | K9: =_xll.BDP($A9,K$2) -> NEG | L9: =_xll.BDP($A9,L$2) -> 9/5/2025
A10: 1124z mk equity | B10: =_xll.BDP($A10,B$2) -> MALAYSIA | C10: MAL | D10: =_xll.BDP($A10,D$2) -> A3 | E10: =_xll.BDP($A10,E$2) -> STABLE | F10: =_xll.BDP($A10,F$2) -> 1/11/2016 | G10: =_xll.BDP($A10,G$2) -> A- | H10: =_xll.BDP($A10,H$2) -> STABLE | I10: =_xll.BDP($A10,I$2) -> 6/27/2022 | J10: =_xll.BDP($A10,J$2) -> BBB+ | K10: =_xll.BDP($A10,K$2) -> STABLE | L10: =_xll.BDP($A10,L$2) -> 12/4/2020
A11: 172369z uy equity | B11: =_xll.BDP($A11,B$2) -> URUGUAY | C11: URU | D11: =_xll.BDP($A11,D$2) -> Baa1 | E11: =_xll.BDP($A11,E$2) -> STABLE | F11: =_xll.BDP($A11,F$2) -> 3/15/2024 | G11: =_xll.BDP($A11,G$2) -> BBB+ | H11: =_xll.BDP($A11,H$2) -> STABLE | I11: =_xll.BDP($A11,I$2) -> 4/26/2023 | J11: =_xll.BDP($A11,J$2) -> BBB | K11: =_xll.BDP($A11,K$2) -> STABLE | L11: =_xll.BDP($A11,L$2) -> 6/7/2023
A12: 279379z pm equity | B12: =_xll.BDP($A12,B$2) -> PHILIPPINES | C12: PHI | D12: =_xll.BDP($A12,D$2) -> Baa2 | E12: =_xll.BDP($A12,E$2) -> STABLE | F12: =_xll.BDP($A12,F$2) -> 8/23/2024 | G12: =_xll.BDP($A12,G$2) -> BBB+ | H12: =_xll.BDP($A12,H$2) -> STABLE | I12: =_xll.BDP($A12,I$2) -> 4/8/2026 | J12: =_xll.BDP($A12,J$2) -> BBB | K12: =_xll.BDP($A12,K$2) -> NEG | L12: =_xll.BDP($A12,L$2) -> 4/20/2026
A13: 1133z ij equity | B13: =_xll.BDP($A13,B$2) -> INDONESIA | C13: IDO | D13: =_xll.BDP($A13,D$2) -> Baa2 | E13: =_xll.BDP($A13,E$2) -> NEG | F13: =_xll.BDP($A13,F$2) -> 2/5/2026 | G13: =_xll.BDP($A13,G$2) -> BBB | H13: =_xll.BDP($A13,H$2) -> STABLE | I13: =_xll.BDP($A13,I$2) -> 4/27/2022 | J13: =_xll.BDP($A13,J$2) -> BBB | K13: =_xll.BDP($A13,K$2) -> NEG | L13: =_xll.BDP($A13,L$2) -> 3/4/2026
A14: 56820z kz equity | B14: =_xll.BDP($A14,B$2) -> KAZAKHSTAN | C14: KAZ | D14: =_xll.BDP($A14,D$2) -> Baa1 | E14: =_xll.BDP($A14,E$2) -> STABLE | F14: =_xll.BDP($A14,F$2) -> 9/9/2024 | G14: =_xll.BDP($A14,G$2) -> BBB- | H14: =_xll.BDP($A14,H$2) -> POS | I14: =_xll.BDP($A14,I$2) -> 8/22/2025 | J14: =_xll.BDP($A14,J$2) -> BBB | K14: =_xll.BDP($A14,K$2) -> STABLE | L14: =_xll.BDP($A14,L$2) -> 4/29/2016
... A66: 32679Z US Equity | B66: =_xll.BDP($A66,B$2) -> ETHIOPIA | C66: ETH | D66: =_xll.BDP($A66,D$2) -> Caa3 | E66: =_xll.BDP($A66,E$2) -> STABLE | F66: =_xll.BDP($A66,F$2) -> 9/15/2023 | G66: =_xll.BDP($A66,G$2) -> SD | H66: =_xll.BDP($A66,H$2) -> STABLE | I66: =_xll.BDP($A66,I$2) -> 9/20/2024 | J66: =_xll.BDP($A66,J$2) -> RD | K66: =_xll.BDP($A66,K$2) -> #N/A N/A | L66: =_xll.BDP($A66,L$2) -> #N/A N/A

Sheet z_spread_and_yield
A1: country_code | B1: country | C1: z_spread | D1: PX_LAST | E1: current_yield | F1: PX LAST
A2: =VLOOKUP(B2,ratings_map!$B$3:$C$66,2,FALSE) -> ARG | B2: Argentina | C2: JPBYARZS Index | D2: =_xll.BDP(C2,$D$1) -> 548.06 | E2: JPGCARCY Index | F2: =_xll.BDP($E2,F$1) -> 4.431
A3: =VLOOKUP(B3,ratings_map!$B$3:$C$66,2,FALSE) -> BAR | B3: Barbados | C3: JPGCBBZS index | D3: =_xll.BDP(C3,$D$1) -> 256.51 | E3: JPGCBBCY Index | F3: =_xll.BDP($E3,F$1) -> 6.264
A4: =VLOOKUP(B4,ratings_map!$B$3:$C$66,2,FALSE) -> BOL | B4: Bolivia | C4: JPBYBOZS Index | D4: =_xll.BDP(C4,$D$1) -> 433.89 | E4: JPGCBOCY Index | F4: =_xll.BDP($E4,F$1) -> 7.293
A5: =VLOOKUP(B5,ratings_map!$B$3:$C$66,2,FALSE) -> BRZ | B5: Brazil | C5: JPBYBRZS Index | D5: =_xll.BDP(C5,$D$1) -> 238.46 | E5: JPGCBZCY Index | F5: =_xll.BDP($E5,F$1) -> 6.015
A6: =VLOOKUP(B6,ratings_map!$B$3:$C$66,2,FALSE) -> CHL | B6: Chile | C6: JPBYCHZS Index | D6: =_xll.BDP(C6,$D$1) -> 160.9 | E6: JPGCCHCY Index | F6: =_xll.BDP($E6,F$1) -> 4.958
A7: =VLOOKUP(B7,ratings_map!$B$3:$C$66,2,FALSE) -> COL | B7: Colombia | C7: JPBYCLZS Index | D7: =_xll.BDP(C7,$D$1) -> 246.77 | E7: JPGCCOCY Index | F7: =_xll.BDP($E7,F$1) -> 6.033
A8: =VLOOKUP(B8,ratings_map!$B$3:$C$66,2,FALSE) -> CR | B8: Costa Rica | C8: JPBYCTZS Index | D8: =_xll.BDP(C8,$D$1) -> 201.01 | E8: JPGCCTCY Index | F8: =_xll.BDP($E8,F$1) -> 6.292
A9: =VLOOKUP(B9,ratings_map!$B$3:$C$66,2,FALSE) -> DR | B9: Dominican Repb. | C9: JPBYDRZS Index | D9: =_xll.BDP(C9,$D$1) -> 226.24 | E9: JPGCDOCY Index | F9: =_xll.BDP($E9,F$1) -> 6.097
A10: =VLOOKUP(B10,ratings_map!$B$3:$C$66,2,FALSE) -> ECU | B10: Ecuador | C10: JPBYECZS Index | D10: =_xll.BDP(C10,$D$1) -> 474.23 | E10: JPGCECCY Index | F10: =_xll.BDP($E10,F$1) -> 7.553
A11: =VLOOKUP(B11,ratings_map!$B$3:$C$66,2,FALSE) -> ESV | B11: El Salvador | C11: JPBYESZS Index | D11: =_xll.BDP(C11,$D$1) -> 337.12 | E11: JPGCSVCY Index | F11: =_xll.BDP($E11,F$1) -> 7.91
A12: =VLOOKUP(B12,ratings_map!$B$3:$C$66,2,FALSE) -> GUA | B12: Guatemala | C12: JPBYGTZS Index | D12: =_xll.BDP(C12,$D$1) -> 176.14 | E12: JPGCGTCY Index | F12: =_xll.BDP($E12,F$1) -> 5.732
A13: =VLOOKUP(B13,ratings_map!$B$3:$C$66,2,FALSE) -> HON | B13: Honduras | C13: JPBYHDZS Index | D13: =_xll.BDP(C13,$D$1) -> 201.15 | E13: JPGCHNCY Index | F13: =_xll.BDP($E13,F$1) -> 6.601
... A64: =VLOOKUP(B64,ratings_map!$B$3:$C$66,2,FALSE) -> ZAM | B64: Zambia | C64: JPBYZMZS Index | D64: =_xll.BDP(C64,$D$1) -> 236.8 | E64: JPGCZMCY Index | F64: =_xll.BDP($E64,F$1) -> 5.788

Sheet sub_index
A1: country_code | B1: Index | C1: PX LAST | D1: NAME
A2: ARG | B2: JPGCARPI Index | C2: =_xll.BDP($B2,C$1) -> 65.474 | D2: =_xll.BDP($B2,D$1) -> Argentina Price Index
A3: BAR | B3: JPGCBBPI Index | C3: =_xll.BDP($B3,C$1) -> 122.663 | D3: =_xll.BDP($B3,D$1) -> BB Price Index Level
A4: BOL | B4: JPGCBOPI Index | C4: =_xll.BDP($B4,C$1) -> 104.405 | D4: =_xll.BDP($B4,D$1) -> Bolivia Price Index Leve
A5: BRZ | B5: JPGCBZPI Index | C5: =_xll.BDP($B5,C$1) -> 171.199 | D5: =_xll.BDP($B5,D$1) -> Brazil Price Index
A6: CHL | B6: JPGCCHPI Index | C6: =_xll.BDP($B6,C$1) -> 109.981 | D6: =_xll.BDP($B6,D$1) -> Chile Price Index
A7: COL | B7: JPGCCOPI Index | C7: =_xll.BDP($B7,C$1) -> 102.345 | D7: =_xll.BDP($B7,D$1) -> Colombia Price Index
A8: CR | B8: JPGCCIPI Index | C8: =_xll.BDP($B8,C$1) -> 105.916 | D8: =_xll.BDP($B8,D$1) -> Costa Rica Price Index
A9: DR | B9: JPGCDOPI Index | C9: =_xll.BDP($B9,C$1) -> 119.774 | D9: =_xll.BDP($B9,D$1) -> Dominican Rep Price Idx
A10: ECU | B10: JPGCECPI Index | C10: =_xll.BDP($B10,C$1) -> 90.365 | D10: =_xll.BDP($B10,D$1) -> Ecuador Price Index
A11: ESV | B11: JPGCSVPI Index | C11: =_xll.BDP($B11,C$1) -> 120.16 | D11: =_xll.BDP($B11,D$1) -> El Salvador Price Index
A12: GUA | B12: JPGCGTPI Index | C12: =_xll.BDP($B12,C$1) -> 100.379 | D12: =_xll.BDP($B12,D$1) -> Guatemala Price Index
A13: HON | B13: JPGCHNPI Index | C13: =_xll.BDP($B13,C$1) -> 104.638 | D13: =_xll.BDP($B13,D$1) -> Honduras Price Index Level
... A64: ZAM | B64: JPGCZMPI Index | C64: =_xll.BDP($B64,C$1) -> 82.087 | D64: =_xll.BDP($B64,D$1) -> Zambia Price I

Sheet rating_num_scale
A1: sp | B1: moodys | C1: fitch | D1: num_score | E1: class
A2: AAA | B2: Aaa | C2: AAA | D2: 1 | E2: IG
A3: AA+ | B3: Aa1 | C3: AA+ | D3: 2 | E3: IG
A4: AA | B4: Aa2 | C4: AA | D4: 3 | E4: IG
A5: AA- | B5: Aa3 | C5: AA- | D5: 4 | E5: IG
A6: A+ | B6: A1 | C6: A+ | D6: 5 | E6: IG
A7: A | B7: A2 | C7: A | D7: 6 | E7: IG
A8: A- | B8: A3 | C8: A- | D8: 7 | E8: IG
A9: BBB+ | B9: Baa1 | C9: BBB+ | D9: 8 | E9: IG
A10: BBB | B10: Baa2 | C10: BBB | D10: 9 | E10: IG
A11: BBB- | B11: Baa3 | C11: BBB- | D11: 10 | E11: IG
A12: BB+ | B12: Ba1 | C12: BB+ | D12: 11 | E12: HY
A13: BB | B13: Ba2 | C13: BB | D13: 12 | E13: HY
... A21: CC+* | B21: Ca | C21: CC | D21: 20 | E21: HY
